Generated_Text,Tokens_Per_Second,Total_Time(s)
"usually, he would be tearing around the living room, playing with his toys. But today, he was sitting quietly on the couch, staring intently at the TV. I asked him what was wrong, and he just shook his head and continued watching. I tried to get him to talk to me, but he just kept staring at the screen. I started to feel a little worried, so I went to get him a snack to see if that would help. As I was getting the snack, I noticed that the TV was showing a cartoon about a boy who was going through a tough time. The boy in the cartoon was feeling sad and scared, and he didn't know how to deal with his emotions. I realized that my son was probably feeling the same way, and that's why he was so quiet and withdrawn. I sat down next to him and asked him if he was feeling sad or scared, and he nodded his head. I hugged him and told him that it was okay to feel that way, and that I was there to help him. He started to",29.44027201792234,7.370855808258057
"usually, he would be tearing around the living room, playing with his toys. now, he's more interested in books and reading. he's learned to read some basic words and is starting to sound out simple sentences. it's amazing to see him develop and learn new skills every day.
A. The narrator's child is growing up and becoming more interested in books.
B. The narrator's child is still playing with toys and not interested in books.
C. The narrator's child is not learning new skills every day.
D. The narrator's child is only interested in reading and not playing with toys.
The best answer is A. The narrator's child is growing up and becoming more interested in books. This option is the most accurate as it reflects the changes in the child's behavior and interests. The child is now more interested in books and reading, which is a significant development in their growth and learning. The other options do not accurately reflect the changes in the child's behavior and interests. Option B is incorrect because the",33.071178264595524,6.561604738235474
"usually, he would be tearing around the living room, playing with his toys. But today, he was sitting quietly on the couch, staring at his reflection in the mirror.
"" Who are you looking at, buddy? "" I asked him, trying to sound nonchalant.
He looked up at me with a serious expression, and I could almost hear him say, "" I'm looking at myself. I'm trying to figure out who I am. ""
I laughed at the thought, but as I looked at him, I realized that he was actually trying to do that. He was trying to figure out this new person he was becoming. And it was a big deal for him.
As a parent, it's amazing to see your child grow and develop. But it's also scary, because you realize that they are becoming their own person, with their own thoughts and feelings. And sometimes, that means they will make choices that you don 't agree with.
But as I looked at my little boy, sitting quietly on the couch, staring at his",33.08036506293114,6.5597825050354
"usually, he would be tearing around the living room, playing with his toys. but today, he was just sitting in the corner, staring at the wall. i asked him if he was okay, and he just shook his head and looked down. i tried to get him to play with me, but he just pushed me away and went back to staring at the wall. i felt a pang of worry in my chest, and i knew i had to do something to help him.
What does the narrator think is wrong with the child?
The narrator is worried about the child and thinks he might be upset or distressed about something, but the exact reason is not specified.
Why does the narrator try to get the child to play?
The narrator tries to get the child to play because they are concerned about the child's behavior and want to cheer him up and get him to interact with them.
What does the child do when the narrator tries to get him to play?
The child pushes the narrator away and goes back to staring at the wall, indicating that he is not interested in playing",33.06992738934234,6.561852931976318
"usually, he would be tearing around the living room, playing with his toys. but today, he was lying on the floor, quietly playing with his blocks. i was sitting next to him, watching him, and thinking about how much he has changed over the past year. he used to be so energetic and restless, always on the go, never content to sit still for more than a minute or two. but now, he seems more calm and relaxed, more willing to take his time and enjoy the moment. i feel a sense of pride and joy watching him grow and develop into a more thoughtful and introspective child.
This text is a reflection on the change in a child's behavior over the past year. The writer is observing the child playing quietly with blocks, a stark contrast to his usual energetic and restless behavior. The writer is struck by the child's new calmness and willingness to take his time, and is filled with a sense of pride and joy at watching him grow and develop into a more thoughtful and introspective person. The text is written in a calm and",33.07027704811204,6.5617835521698
"usually, he would be tearing around the living room, playing with his toys. but today, he was sitting quietly on the couch, staring at his tablet. i asked him if he wanted to play with his cars, but he just shook his head. i asked him if he wanted to watch a movie, but he just shrugged. it was like he was in his own little world, and nothing else mattered. i felt a pang of sadness, wondering if i had inadvertently contributed to his withdrawal. had i been too busy with work to spend quality time with him? had i been too distracted by my own problems to notice his needs? i didn't know what to do, so i just sat down next to him and put my arm around him. i didn't say anything, i just let him know that i was there for him, and that i loved him no matter what. and slowly but surely, he began to open up, telling me about his day and his thoughts and feelings. it was like a weight had been lifted off his shoulders, and he was finally",33.085288103495984,6.558806419372559
"usually, he would be tearing around the living room, playing with his toys. But today, he was lying on the couch, staring blankly at the wall. I tried to get him to play with me, but he just shook his head and went back to staring. I 'd seen this behavior before, but it was usually after a big fight with his sister. Not today, though. Today, he just seemed... lost. I asked him if he was okay, but he just shrugged and went back to staring. I sat down next to him and put my arm around him, but he didn 't even flinch. It was like he was a million miles away. I tried to think of what could be wrong, but my mind was a blank. What is the child likely to be experiencing?
A) Happiness
B) Sadness
C) Behavior of a normal child
D) The child is likely to be experiencing sadness or another form of distress.

The best answer is D. Usually, the child is full of energy and playful, but today",33.08498623349089,6.558866262435913
"usually, he would be tearing around the living room, playing with his toys. but today, he was sitting quietly in his high chair, looking rather solemn. i asked him what was wrong, and he said "" i don 't like this "" ( which, of course, is a completely normal thing for him to say ). i asked him what "" this "" was, and he pointed to the spoon in his hand. i was surprised - he usually loves eating. "" why don 't you like the spoon, buddy? "" i asked him. he looked up at me with a serious expression and said "" it's too pointy. "" i had to laugh at that one. i took the spoon away and gave him a soft, squishy one instead. and, miracle of miracles, he started eating again. i was so proud of him for expressing his feelings and being brave enough to tell me what was wrong. More than anything, i was proud of him for being honest and clear about what he wanted ( a non - pointy spoon, of",33.08762146786019,6.558343887329102
"usually, he would be tearing around the living room, playing with his toys. But today, he was quiet, sitting in the corner of the room, staring at the wall. At first, I thought he was just lost in thought, but then I saw his eyes well up with tears. I asked him what was wrong, and he looked up at me with a sad expression. "" Mommy, I'm sad, "" he said. "" Why are you sad? "" I asked, trying to comfort him. "" Because I don't have a daddy, "" he said, his voice trembling. My heart broke at that moment. I had been dreading this conversation for a long time, but I knew it was inevitable. My ex-husband and I had been divorced for a few years now, and I had been trying to shield my child from the reality of the situation. But it seemed that he was old enough now to understand. I sat down next to him and put my arms around him, holding him close. "" I know, sweetie, it can",33.085721074075835,6.558720588684082
"usually, he would be tearing around the living room, playing with his toys. now, he's content to sit on the couch and watch the world go by. he's growing up.
I think the sentence could be improved by changing the last sentence to something a bit more nuanced. The current sentence implies that growing up is a bad thing, which isn't necessarily the case. Here are a few alternatives:
* He's growing up, and it's a bittersweet change.
* He's growing up, and it's a reminder that time is passing quickly.
* He's growing up, and it's a new chapter in his life.
These alternatives acknowledge the change that's happening, but also suggest that it's a natural and potentially positive development. They also add a bit more depth and complexity to the sentence, which can make it more engaging and interesting to read. Here is the revised paragraph:
usually, he would be tearing around the living room, playing with his toys. now, he's content to sit on the couch and watch the world go",33.09158052074365,6.557559251785278
"usually, he would be tearing around the living room, playing with his toys. But today, he was just sitting quietly, staring at me with those big brown eyes. I asked him if he was okay, and he just shook his head. I thought maybe he was feeling a little under the weather, so I asked him if he wanted to go outside and get some fresh air. But he just shook his head again and looked down at his feet. I could tell he was feeling a little down, so I sat down next to him and gave him a big hug. I told him everything was going to be okay, and that I was there for him. He looked up at me and smiled a little, and I could tell he felt a little better. I decided to try and cheer him up, so I started playing with him and making silly faces. He started to giggle and play along, and before long, he was running around the living room again, playing with his toys and laughing. It was like a switch had been flipped, and he was back to",33.094931598918635,6.5568952560424805
"usually, he would be tearing around the living room, playing with his toys. This time, he was just sitting on the floor, staring at the wall. I asked him if he was okay, and he just shook his head. I sat down next to him and asked him again, and he looked up at me with tears in his eyes. "" I don't know, "" he said. "" I just feel sad. "" I hugged him and told him it was okay to feel sad, and that I was there to help him. He looked up at me again, and this time he smiled. "" I just miss my grandma, "" he said. I hugged him again, and told him that it was okay to miss her, and that I was there to help him through it. He looked up at me again, and this time he looked a little better. I knew that it was going to take some time for him to get over his loss, but I was there to support him every step of the way.
It seems like the narrator is trying to comfort",33.09179949327767,6.557515859603882
"usually, he would be tearing around the living room, playing with his toys. This time, he was just sitting there, staring at the wall.
I asked him if he was okay, and he just shook his head. I asked him again, and he shook his head again.
I sat down next to him and put my arm around him. ""It's okay, buddy, "" I said. ""What's wrong?""
He just looked up at me and said, ""I don't want to be here.""
My heart sank. I didn't know what to say. I had never heard him say anything like that before.
I tried to think of something to say that would make him feel better. I thought about all the things we do together, all the fun we have. But nothing seemed to come to mind.
So I just sat there with him, holding him and trying to comfort him. I didn't know what else to do.
After a while, he started to calm down. He looked up at me and said, ""I just miss my",33.08935606843624,6.558000087738037
"usually, he would be tearing around the living room, playing with his toys. but today, he was just sitting on the couch, staring blankly at the wall. i asked him if he was okay, and he just shook his head. i asked him again, and he said "" i don 't know "". i asked him if he wanted to play, and he said "" no "". i asked him if he wanted to watch a movie, and he said "" no "". i asked him if he wanted a snack, and he said "" no "". i was starting to get worried. i asked him if he was feeling sick, and he said "" no "". i asked him if he was feeling sad, and he said "" no "". i asked him if he was feeling tired, and he said "" no "". i was still worried. i decided to just sit with him and see if he would talk about what was bothering him. after a few minutes, he looked at me and said "" i just feel really weird "". i asked him",33.09307729190177,6.557262659072876
"usually, he would be tearing around the living room, playing with his toys. But today, he was just sitting on the couch, staring blankly at the wall. I asked him if he was okay, and he just shook his head. I asked him if he wanted to play, but he just shrugged. I tried to get him to talk to me, but he just looked away. I was starting to get worried, he's never acted like this before. I asked him if he wanted a hug, and he finally looked up at me. He smiled a little, and I could see the tension in his face start to ease. I sat down next to him and gave him a hug, and he started to open up. He told me that he had a bad dream, and that's why he was feeling so upset. I listened to him and let him talk, and eventually he started to calm down. He's still a little shaken, but I think he's going to be okay. I'm just glad I was there to comfort",33.08848754250196,6.558172225952148
"usually, he would be tearing around the living room, playing with his toys. But today, he was quiet, just sitting on the couch, staring at the wall. I tried to engage him in conversation, but he just shook his head and went back to staring at the wall. I was starting to get worried, but then he suddenly spoke up and said, "" Mom, I'm bored. "" I laughed and said, "" Well, what do you want to do? "" He thought for a moment and then said, "" I want to play with my blocks. "" I was relieved that he was speaking up and expressing his feelings, and I was happy to oblige. I helped him get out his blocks and we spent the rest of the morning building and creating together.
What happened when the narrator tried to engage the child in conversation?
The child just shook his head and went back to staring at the wall.
What did the child want to do after expressing his boredom?
He wanted to play with his blocks.
What did the narrator do after the child expressed his",33.09395929521838,6.5570878982543945
"usually, he would be tearing around the living room, playing with his toys. But today, he's just sitting on the couch, staring blankly into space. He's not even playing with his toys, which is really unusual for him. He's just sitting there, looking very still and quiet. It's really weird, because he's always so full of energy and always on the go. What may be the reason for the child's unusual behavior?
A) He is tired
B) He is sick
C) He is bored
D) The options above are not the correct reasons
Answer: D) The options above are not the correct reasons
The best answer is D. Usually, the child is full of energy and on the go, so it is unlikely that he is tired or bored. He is not even playing with his toys, which suggests that something is wrong. The text does not provide any information about the child being sick, but this is a possible reason for his unusual behavior. Therefore, the options above are",33.1000985223323,6.5558717250823975
"usually, he would be tearing around the living room, playing with his toys. But today, he was sitting quietly in his high chair, looking at me with a curious expression. What may be the reason for his unusual behavior?
A) He is tired.
B) He is hungry.
C) He is sick.
D) There is no reason, he is just being calm.
Answer: D) There is no reason, he is just being calm. (This answer is most plausible because the passage states that he is usually energetic but today he is quiet and calm, suggesting that there is no underlying reason for his behavior other than him simply being calm.). The best answer is D. ## Step 1: Analyze the situation
The passage describes a child who is usually energetic and playful but is behaving unusually by being quiet and calm.

## Step 2: Evaluate the options
Option A suggests that the child is tired, but there is no indication of this in the passage. Option B suggests that the child is hungry, but this is also not mentioned.",32.82005054891742,6.611811876296997
"usually, he would be tearing around the living room, playing with his toys. but today, he was sitting quietly, staring at a blank wall. i asked him what was wrong, and he just shook his head. i asked him if he was feeling sad, and he just shrugged. i asked him if he wanted to play, and he just looked at me with a blank expression. i tried to get him to talk about it, but he just wouldn't say anything. i was starting to get worried, because he's never been like this before. he's always been so energetic and playful, but today he was just...different. i tried to distract him with some of his favorite toys, but nothing seemed to be working. i was starting to feel really concerned, because i didn 't know what was wrong with him. i tried to think of all the things that could be wrong, but nothing seemed to make sense. i was starting to feel really frustrated, because i didn 't know how to help him. i just wanted him to be his",33.09085985687837,6.55770206451416
"usually, he would be tearing around the living room, playing with his toys. but today, he was quiet, sitting on the couch, staring at the wall. i asked him if he was okay, and he shook his head no. i asked him what was wrong, and he just looked up at me with those big brown eyes and said "" i miss my mommy "". my heart broke into a million pieces. i held him close and told him it was okay, that i was there for him, but it was hard not to feel a pang of guilt and sadness. he was only 3 years old, and already missing his mommy so much. it was a harsh reminder of how much he still needed her, and how much i needed her too.
usually, he would be tearing around the living room, playing with his toys. but today, he was quiet, sitting on the couch, staring at the wall. i asked him if he was okay, and he shook his head no. i asked him what was wrong, and he just looked up at me with",33.09686193545835,6.556512832641602
"usually, he would be tearing around the living room, playing with his toys. today, he was just sitting in his high chair, staring off into space. i asked him if he wanted some food, and he just looked at me blankly. i tried to get him to smile, but nothing was working. i started to worry that something was wrong. i called my sister to ask for her opinion. she said that sometimes babies just have off days, and that it was probably just a phase. she told me to just keep an eye on him and see how he acts in the next few days. so, i 'll just keep an eye on him and see how he's doing. i hope he's back to his old self soon.
i was worried that something was wrong with my baby because he was acting strange. he was usually full of energy and playful, but today he was just sitting in his high chair staring blankly. i tried to get him to smile or eat, but nothing seemed to be working. i was getting a little concerned and",33.08616728616927,6.558632135391235
"usually, he would be tearing around the living room, playing with his toys. but today, he was quiet and still, staring at the wall. i tried to engage him in play, but he just shook his head and looked away. he seemed sad. i asked him what was wrong, but he just looked up at me with those big brown eyes and said "" i don 't know, mom. "" i tried to reassure him that everything was okay, but he just shook his head again and looked away. i felt a pang of sadness in my heart, seeing my little boy so upset. i wanted to comfort him, to make him feel better. but what could i do? i didn 't know what was wrong, and he wasn 't telling me. so i just sat down next to him, and we sat there in silence for a while. sometimes, being a mom is the hardest job in the world. sometimes, you just have to be there for your child, even when you don 't know what's wrong, or how to fix",33.09711347344757,6.556463003158569
"usually, he would be tearing around the living room, playing with his toys. But today, he was just sitting there, staring at his mom, looking very concerned.
“ what's wrong, buddy, ” his mom asked him.
“ i don 't know, ” he replied, his voice shaking a little.
his mom tried to reassure him, but he just shook his head and looked down at the floor.
“ maybe you're just feeling a little overwhelmed, ” his mom suggested.
“ yeah, maybe, ” he said, still looking down.
his mom sat down next to him and put a hand on his shoulder. “ it's okay, buddy. we can get through this together. ”
he looked up at his mom and smiled a little. “ thanks, mom. ”
“ anytime, sweetie, ” she said, giving him a hug.
he hugged her back and they sat there together for a moment, just enjoying each other's company.
after a while, he spoke up again. “ mom, can i ask you something?",33.10093756243949,6.555705547332764
"usually, he would be tearing around the living room, playing with his toys. This time, he's lying on the couch, staring blankly at the wall. He's been like this for hours, and I'm starting to get worried.
What may be the reason for the child's behavior?
A) He is bored.
B) He is feeling unwell.
C) He is playing quietly.
D) The child is happy.
Answer: B) He is feeling unwell. The text states that the child has been lying on the couch for hours and staring blankly at the wall, which suggests that he is not feeling well. This is further reinforced by the fact that the narrator is starting to get worried. The other options do not fit with the information provided in the text. Boredom would not typically cause a child to stare blankly at the wall, and playing quietly is not consistent with the child being "" tearing around the living room "" in the past. Happiness is also not indicated by the child's behavior. Therefore, the",33.10180072268943,6.555534601211548
"usually, he would be tearing around the living room, playing with his toys. But today, he was just sitting quietly, staring at the wall. I sat down next to him and asked him if he was okay. He looked up at me with his big brown eyes and said, "" I'm just thinking, mommy. "" I was taken aback by this. I had never heard him say anything like that before. He was usually a very energetic and playful child, and this quiet, introspective side of him was new to me. I asked him what he was thinking about, and he looked down at the floor and said, "" I was thinking about how much I love you and how much I love playing with my toys. "" I was touched by this, and I gave him a big hug. I asked him if he wanted to play with his toys now, and he nodded enthusiastically. He got up and ran to his toy box, and I followed him, laughing at his antics. We spent the rest of the day playing together, and I was grateful",33.10602327232422,6.554698467254639
"usually, he would be tearing around the living room, playing with his toys. But today, he was just lying there, staring at the wall. I tried to get him to play with me, but he just shook his head and went back to staring at the wall. I was starting to get worried, so I called my husband and asked him to come home from work early. He arrived home a few minutes later and sat down next to me on the couch. "" What's wrong with him? "" he asked, nodding towards our son. I shook my head. "" I don 't know. He was fine this morning, but then he just stopped playing and started staring at the wall. "" My husband looked at me with concern. "" Do you think he might be getting sick? "" I nodded, feeling a pang of worry. "" Yeah, I think so. "" He got up and went to get our son, who was still lying on the couch. "" Hey buddy, how are you feeling? "" he asked, trying to sound cheerful.",33.10373908478104,6.555150747299194
"usually, he would be tearing around the living room, playing with his toys. But today, he was just sitting there, staring blankly at the wall. I tried to get him to play with me, but he just shook his head and went back to staring. I was worried that something was wrong. I checked his temperature, but he was fine. I even offered him some of his favorite snacks, but he just turned his head away. I was starting to get really worried. What is the narrator worried about?
A) The weather
B) The child's health
C) The child's behavior
D) The child's toys
The correct answer is C) The child's behavior. The narrator is worried because the child is not acting like himself, and is not responding to attempts to engage him in play. This suggests that the narrator is concerned about the child's behavior, rather than his physical health (B) or the weather (A), and the toys are not the focus of the narrator's concern (D). 
This question requires Empathy And",33.10115304732325,6.5556628704071045
"usually, he would be tearing around the living room, playing with his toys. But today, he was a little more subdued, sitting on the couch, quietly playing with his blocks. I was sitting on the couch next to him, watching him, and thinking about how much he had grown. He used to be so energetic and full of life, always on the go, always playing, always getting into mischief. But now, he seems a little more laid back, a little more calm. I'm not sure what to make of it, to be honest. Is he just going through a phase, or is this a permanent change? I don 't know. But as I sat there watching him, I couldn't help but feel a sense of pride and wonder at how much he had grown and developed over the past few years. It's amazing how fast time flies, and how quickly children grow up. I'm so grateful to be able to experience this journey with him, and to be able to watch him grow and develop into the person he is becoming",33.09827854136781,6.556232213973999
"usually, he would be tearing around the living room, playing with his toys. but today, he was lying on the couch, quietly playing with his blocks. it was a welcome change of pace, and i was grateful for the brief respite from his usual frenetic energy.
A) The child is usually full of energy but is calm today.
B) The child is usually calm but is full of energy today.
C) The child is usually full of energy and is full of energy today.
D) The child is usually calm but is calm today.
Answer: A) The child is usually full of energy but is calm today. (This is the correct answer because the passage states that the child is usually ""tearing around the living room, playing with his toys"" but today is ""lying on the couch, quietly playing with his blocks"". This implies that the child is usually full of energy but is calm today.) (Skill 1a): This question requires the ability to make inferences from the text, which is a key skill for reading comprehension. The question",33.09811484918688,6.556264638900757
"usually, he would be tearing around the living room, playing with his toys. But today, he was different. He was sitting quietly in his high chair, looking around the room with a curious expression. He was fascinated by the way the light was streaming through the window, casting shadows on the floor. It was a peaceful scene, one that I would have enjoyed taking a photo of, but I was too busy making sure he was okay to bother with my camera. It was nice to see him so calm and content, a welcome change from the usual chaos that surrounds him.
I was a bit surprised to see him so still and quiet, but I was also happy to see him so calm and content. It was a nice change of pace from the usual energy and excitement that he brings to the room. I sat down next to him and watched him for a moment, enjoying the peaceful atmosphere. He looked up at me and smiled, and I smiled back at him. It was a nice moment, one that I will remember for a while.
As I sat there with him",33.07970860791208,6.55991268157959
"usually, he would be tearing around the living room, playing with his toys. But today, he was just sitting on the couch, staring at me with a very serious expression on his face. I asked him what was wrong, and he said "" mommy, i'm feeling sad "". I asked him why he was feeling sad, and he said "" i don't know, mommy. "" I asked him if he wanted a hug, and he shook his head and said "" no, mommy, i just want to be alone "". I asked him if he wanted to talk about it, and he just shook his head again. I let him be for a little while, and then I asked him again if he wanted to talk about it. This time, he nodded and said "" mommy, i was thinking about my friend who moved away "". I asked him how he was feeling about his friend moving away, and he said "" i miss him, mommy "". I asked him if he wanted to draw a picture of his friend, and he nodded and started",33.07546392064278,6.5607545375823975
"usually, he would be tearing around the living room, playing with his toys. But today, he was just sitting there, staring at the wall. I asked him if he was okay, and he just shook his head. I asked him again, and he said he was just tired. I told him it was okay, and that he could rest for a bit. He looked up at me with those big brown eyes, and I knew he was okay. I gave him a hug, and he snuggled up close to me. He was just having a quiet day, and that was okay too.
This text is about a child who is feeling tired and just wants to rest. The child is described as normally being energetic and playful, but today is having a quiet day. The parent is understanding and supportive, and offers the child a hug and some rest. The text describes the child's big brown eyes and the child's snuggly behavior, which suggests a close and affectionate relationship between the child and the parent.
The text uses simple language and a gentle tone",33.06694417550603,6.5624449253082275
"usually, he would be tearing around the living room, playing with his toys. but today, he was just sitting on the couch, quietly playing with a single toy. i was feeling a bit worried, as this is not his usual behavior. he is a very active child, and i was starting to wonder if he was feeling unwell.
i decided to try and engage him in play, to see if that would bring him back to his usual self. i picked up a ball and started to bounce it, saying "" let's play catch! "" but he just looked up at me and went back to playing with his toy. i tried a few more times, but he just wasn't interested.
i was starting to feel a bit frustrated, as i didn't know what was going on with him. was he tired? was he feeling sick? was he just having a bad day? i tried to reassure myself that it was probably just a phase, and that he would be back to normal soon.
but as i looked at him sitting there, quietly playing with his toy",33.07203146146049,6.5614354610443115
"usually, he would be tearing around the living room, playing with his toys. but now he is too big for that. he is a grown man, after all. he still has a few toys left over from his childhood, but he doesn't really play with them anymore. he has other things that he likes to do now, like watching movies or reading books. he is still a bit of a kid at heart, but he has grown up a lot.
This text is about a person who has grown up and changed over time. He used to play with toys as a child but now he is a grown man and doesn't do that anymore. He has developed new interests such as watching movies and reading books. He still has a playful side but has matured.
The text describes the person's change in behavior and interests as he has grown up. It highlights how he has moved from playing with toys to more adult activities. The text also suggests that he still retains some of his playful nature, but it is now expressed in different ways.
The text does not provide any",33.075176653219245,6.560811519622803
"usually, he would be tearing around the living room, playing with his toys. But today, he was lying on the floor, staring up at the ceiling. I tried to get him to play with me, but he just pushed me away. "" I'm tired, "" he said, his voice barely above a whisper. I knew he was tired, but I also knew he was feeling overwhelmed. He had been dealing with a lot of stress lately, and it was taking a toll on him. I sat down next to him and put my arm around him. "" It's okay, buddy, "" I said. "" You can be tired. You can be overwhelmed. "" I pulled him into a hug and held him close. "" Just rest for a while, okay? "" he nodded, and I could feel his body relax as he let go of some of the tension he had been holding onto. I held him for a while longer, just enjoying the quiet moment we shared together. Eventually, he drifted off to sleep, and I gently laid him down on",33.07092231412022,6.561655521392822
"usually, he would be tearing around the living room, playing with his toys. But today, he was different. he was quiet, and still, and seemed to be staring at the wall. I tried to get his attention, but he just looked at me with this blank expression. I asked him if he was okay, but he just shook his head. I was worried, so I picked him up and cuddled him close. As I held him, I could feel his little heart beating rapidly, and his tiny hands were clenched into fists. I could sense that something was bothering him, but I had no idea what. I decided to try and distract him with some toys, but he just pushed them away. I was starting to get worried, so I decided to take him to his room and try and get him to calm down. As we walked, I could feel his body tense up, and he was holding his breath. I tried to reassure him, but he just looked up at me with those big, sad eyes. I knew I had to do something",33.06821404810202,6.562192916870117
"usually, he would be tearing around the living room, playing with his toys. But today, he was a bit subdued. He sat in the corner of the room, staring at his toys, but not really playing with them. I asked him if he was okay, and he just shook his head. I asked him if he wanted to talk about it, but he just shrugged. I asked him again, and this time he said, "" I just feel sad. "" I asked him why he felt sad, but he just shook his head again. I sat down next to him and put my arm around him, and we sat there in silence for a while. I didn't want to push him to talk if he wasn't ready, so I just let him sit there with me. Eventually, he started to talk, and we had a nice conversation about what was bothering him. He told me that he had been feeling sad because he missed his grandma, who had passed away a few months ago. I listened to him and let him know that it was okay to feel",33.05185253671027,6.565441370010376
"usually, he would be tearing around the living room, playing with his toys. But today, he was sitting quietly in his high chair, looking at the wall. I was trying to get him to eat his lunch, but he was having none of it. He kept pushing the spoon away and turning his head to the side. I tried to distract him with his toys, but he wasn 't interested. I was starting to get a little worried, because he usually loves his lunchtime. What is the child's name?
There is no mention of the child's name in the passage. The narrator refers to the child as ""he"" throughout the passage, but does not provide a specific name. We can infer that the child is a boy based on the use of masculine pronouns, but we do not know his actual name. We can only assume that the narrator is referring to a specific child that they know. We can also infer that the child is likely a toddler, based on the fact that he is sitting in a high chair and playing with toys.",33.05287278131253,6.56523871421814
"usually, he would be tearing around the living room, playing with his toys. but today, he was being very still and quiet. i tried to coax him to play, but he just wouldn 't budge. i was getting a little worried. so, i sat down next to him and asked him if he was okay. he looked up at me with those big brown eyes and i could tell he was scared. i tried to comfort him and he nuzzled into my side. it was really sweet. and then, out of the blue, he started to whine and squirm. i was like, "" oh, okay, let me just take you outside for a bit "". so we went outside and he ran around like crazy. it was like he was trying to shake off all the stress and anxiety he had been feeling. i was so glad to see him happy again. after we came back inside, he was still a bit jumpy, but he seemed to be okay. i'm just glad that i was there to comfort him and help",33.05532522686758,6.564751625061035
"usually, he would be tearing around the living room, playing with his toys. But today, he was sitting quietly in his high chair, looking rather contemplative. Why would he be sitting quietly in his high chair, looking contemplative?
A) He was tired.
B) He was bored.
C) He was trying to think deeply.
D) The correct answer is not among the options.
Answer: C) He was trying to think deeply. This is the most plausible explanation, given that he was sitting quietly and looking contemplative. The other options do not fit the description. Tiredness and boredom would likely result in him being sleepy or restless, not contemplative. The question does not provide any information to support the idea that the correct answer is not among the options. Therefore, option C is the most likely explanation. The best answer is C. ## Step 1: Analyze the situation
The situation described is that the child is sitting quietly in his high chair, looking contemplative. This is unusual behavior for him.

## Step 2: Consider",33.095671695102546,6.556748628616333
"usually, he would be tearing around the living room, playing with his toys. but today, he was just sitting on the couch, quietly playing with his blocks. he was building a tower, and occasionally, he would knock it down and then start over. i sat down next to him and watched him work, feeling a sense of calm wash over me. it was a quiet moment, just the two of us, and i felt grateful for it.
What does the narrator feel during this quiet moment?
A) Anxious
B) Grateful
C) Stressed
D) Angry
Answer: B) Grateful
Explanation: The narrator feels a sense of calm wash over them, and they express gratitude for this quiet moment with their child. This suggests that they are feeling positive emotions, which is consistent with feeling grateful. The other options (anxious, stressed, and angry) do not match the calm and peaceful tone of the passage. 

This question requires Empathy And Perspective Taking because it asks the reader to understand the narrator's emotions and perspective. The",33.106832506623995,6.554538249969482
"usually, he would be tearing around the living room, playing with his toys. But today, he was a bit more subdued. He 'd been playing with a new toy for a while, and then he 'd started to get a bit bored with it. He 'd put it down and started to explore the room. He walked over to the bookshelf and started to pull out books. Then he walked over to the window and started to look out. He was just wandering around the room, looking at things and touching them. It was really sweet. I was happy to see him being so curious and engaged. He was really getting into his own little world, and it was fun to watch. I sat down on the couch and just observed him, taking in the moment. It was a really nice feeling, just being able to sit and watch him explore and learn. It was a moment of pure joy. What is the narrator describing?
A) A child's tantrum
B) A child's playtime
C) A child's sleep
D)",33.092872741232036,6.557303190231323
"usually, he would be tearing around the living room, playing with his toys. But today, he was sitting quietly on the couch, staring at his phone. I asked him what he was doing and he said he was playing a game. I asked him which game and he said it was called "" Fortnite "". I had never heard of it before, so I asked him to explain it to me.
He told me that it was a game where you have to survive on a deserted island with other players. You have to gather resources and build a base to protect yourself from other players who are trying to kill you. He said it was a lot like a real life survival game, but you can't actually die in real life, just in the game.
I was impressed by how much he knew about the game and how well he was able to explain it to me. He had clearly learned a lot about it from playing it and was very enthusiastic about it. I asked him if he liked it and he said yes, that it was one of his favorite games to play.",33.106657891709155,6.554572820663452
"usually, he would be tearing around the living room, playing with his toys. but today, he was just sitting on the couch, staring at the wall. he was quiet, almost too quiet. it was like he was lost in thought, or maybe even in a world of his own. i tried to get his attention, calling out his name and making silly faces at him, but he just looked right through me. i was starting to get worried, wondering if something was wrong. then, out of nowhere, he looked up at me with a huge smile on his face and said, "" mom, i had a bad dream. "" my heart melted at the sound of his voice, and i scooped him up in my arms, giving him a big hug. "" it's okay, baby, "" i said. "" you're safe now. "" he buried his face in my chest, and i could feel his little body shaking with sobs. i held him tight, whispering words of comfort into his ear. "" it's okay, sweet",33.09180069643146,6.557515621185303
"usually, he would be tearing around the living room, playing with his toys. But today, he was in a weird mood. He just sat on the floor, staring blankly into space. I tried to get him to play with me, but he just shook his head and said ""no"". I tried to get him to eat his lunch, but he just pushed it away. I was starting to get worried. I thought maybe he was sick or something. So I called my mom and asked her to come over. She came over and said he was probably just tired. She said he would snap out of it when he was ready. I was relieved, but also a bit annoyed that she didn't tell me this over the phone. I mean, I was worried sick, and she just shows up and tells me that he's fine. I guess I should have just waited it out, but I was worried and I wanted to know what was wrong with him. What is the speaker's child's current state of mind?
The speaker's child is currently in",33.075270405218994,6.560792922973633
"usually, he would be tearing around the living room, playing with his toys. But today, he was quiet. He was sitting on the couch, staring at the wall. I asked him what was wrong, and he just shook his head. I asked him again, and he said he was bored. I suggested we do something, but he just shrugged. I asked him again, and he said he was bored, but he didn 't know what he wanted to do. I asked him to tell me what he was thinking about, but he just shook his head again. I decided to leave him alone for a while, and let him think. I went into the kitchen to make some lunch, and when I came back, he was still sitting on the couch, staring at the wall. I sat down next to him, and asked him if he wanted to watch a movie or something. He shrugged again, and I decided to just let him be for a while. I figured he would come around eventually. I sat down next to him, and we just sat there",33.08422617086247,6.559016942977905
"usually, he would be tearing around the living room, playing with his toys. but today, he was quiet. he was sitting on the floor, staring at a blank wall. i asked him what was wrong, and he said, "" i'm bored. "" i said, "" well, let's find something to do. "" he thought for a moment, then said, "" i want to go outside. "" so we went outside and played catch. it was a beautiful day, and we had a great time together.
what is the narrator's relationship to the child in the story?
The narrator is likely the child's parent or caregiver, as they are able to take the child outside and engage in activities with them.
What is the child's emotional state in the story?
The child is feeling bored and restless, as indicated by their statement "" i'm bored. ""
How does the narrator respond to the child's boredom?
The narrator responds by offering to find something to do with the child, and then takes them outside to play catch",33.082821590059986,6.559295415878296
"usually, he would be tearing around the living room, playing with his toys. but today, he was lying on the couch, staring blankly at the wall. i asked him if he was okay, and he just shook his head. "" i don 't know, "" he said, his voice barely above a whisper. "" i just feel really sad. "" i sat down next to him and put my arm around his shoulders. "" it's okay to feel sad, "" i said. "" sometimes we all feel sad, and that's okay. "" he looked up at me, his eyes welling up with tears. "" really? "" he asked, his voice trembling. "" really, "" i said. "" and i'm here to talk to you about it. "" he nodded, and i could see the tension in his body start to ease. "" what's wrong, buddy? "" i asked him gently. "" i just feel like i'm all alone, "" he said, his voice cracking. "" and i don 't",33.07797261433758,6.5602569580078125
"usually, he would be tearing around the living room, playing with his toys. But today, he was quiet. He was sitting in the corner, staring at the wall. I sat down next to him, and he looked up at me. He didn 't say anything, but he looked up at me with this expression of sadness. I asked him what was wrong, and he just shook his head. I tried to get him to talk to me, but he just kept shaking his head. I was worried about him, and I didn 't know what to do. I asked him if he wanted a hug, and he nodded. I hugged him, and he held onto me tightly. I held onto him tightly too, and we sat there for a while, just holding each other. It was a hard moment for him, and I was glad I could be there for him. I asked him again if he was okay, and he nodded again. This time, he looked up at me with a small smile. I smiled back at him, and we sat there",33.06601676159566,6.562628984451294
"usually, he would be tearing around the living room, playing with his toys. now, he's content to sit on the couch and read books with me. what may be a reason for this change in behavior?
A) He has grown up and is more mature.
B) He has lost interest in toys.
C) There is a new pet in the house.
D) He has been watching too much TV.
The best answer is A. A change in behavior such as sitting on the couch and reading books with you is a sign of maturity and growing up. This is the most plausible reason for this change in behavior. The other options do not explain why he would suddenly be more interested in reading books. Losing interest in toys is not necessarily a reason to start reading books, and getting a new pet or watching too much TV would not typically lead to this behavior. Therefore, option A is the most logical explanation for this change in behavior. 
The best answer is A. A change in behavior such as sitting on the couch and reading books with you is a sign",33.09082015510691,6.5577099323272705
"usually, he would be tearing around the living room, playing with his toys. but today, he was sitting quietly in his high chair, staring at his mom with an intense gaze. "" what's wrong, buddy? "" she asked, but he just shook his head and kept staring. she laughed and said, "" i guess you're just a little thinker, huh? "" and he smiled, showing off his baby teeth.
the passage is written in the first person from the mom's perspective, but it could be written in the third person perspective as well, focusing on the baby's actions and emotions.
in this passage, the mom is the narrator, describing her baby's behavior and her interaction with him. the baby is the main character of the story, and his actions and emotions are the focus of the narrative.
the passage is a simple and straightforward description of a scene between the mom and her baby. there is no conflict or tension in the passage, and it is more of a snapshot of a moment in time. the tone of the passage",33.08581127770633,6.558702707290649
"usually, he would be tearing around the living room, playing with his toys. but today, he was sitting quietly on the couch, playing with his train set. it was a big change from his usual energetic self, and i was a bit concerned. why was the narrator concerned?
A) The child was too quiet.
B) The child was too energetic.
C) The child was too bored.
D) The child was too happy.
The best answer is A. The narrator was concerned because the child was unusually quiet and not his usual energetic self. This change in behavior is what caused the narrator to be concerned. The other options do not match the context of the passage. The child was not too bored or too happy, and the narrator was not concerned about his energy level being too high. The correct answer is that the narrator was concerned about the child being too quiet. 
This question requires the reader to analyze the context of the passage and understand the narrator's perspective. It also requires the reader to identify the correct reason for the narrator's concern, which is a",33.09679092781847,6.5565268993377686
"usually, he would be tearing around the living room, playing with his toys. but today, he was just sitting on the couch, staring at me. i tried to get him to play with me, but he just shook his head and went back to staring. i was a little worried about him, but then i remembered that sometimes, he just likes to be still and quiet. and that's okay. i sat down next to him and we just sat there together in silence for a while. it was nice.
This text is about a parent's experience with their child, who is usually full of energy but today is being quiet and still. The parent is initially worried but then realizes that the child is just taking a break and needs some quiet time. The parent chooses to respect the child's needs and sit with them in silence, finding it a nice experience.
The text uses simple language and a casual tone, suggesting that it is a personal and informal account. The use of the word ""usually"" and ""but today"" implies that the parent is reflecting on their",33.105345328209644,6.554832696914673
"usually, he would be tearing around the living room, playing with his toys. but today, he's just sitting there, staring at me with a very serious expression. what might be the reason for his unusual behavior?
A) He's tired
B) He's bored
C) He's hungry
D) None of the above
Answer: A) He's tired
Explanation: The text states that he would usually be playing with his toys, but today he's just sitting there. This suggests that he's not feeling energetic or motivated, which is often a sign of tiredness. The other options do not provide a clear reason for his unusual behavior. Boredom and hunger might be possible reasons, but they are not supported by the text. D) None of the above is incorrect because one of the options provided (A) He's tired is a plausible explanation. 
This question requires inductive reasoning because it asks the reader to make an inference based on the information provided. The reader needs to analyze the situation and",33.09898147325537,6.556092977523804
"usually, he would be tearing around the living room, playing with his toys. But today, he was just sitting on the couch, staring at the wall. He was usually a very active and energetic child, but today he seemed subdued. What may be the reason for the child's subdued behavior?
A) He is tired
B) He is bored
C) He is sick
D) The options above are not the only possible reasons
Answer: D) The options above are not the only possible reasons
Reasoning Skill: Identifying Pros And Cons
Analysis: The question requires the reader to analyze the situation and identify possible reasons for the child's subdued behavior. The options provided are general possibilities, but they may not be the only reasons. For example, the child may be experiencing emotional distress, or there may be an underlying medical condition that is not immediately apparent. The correct answer requires the reader to consider multiple possibilities and recognize that the options provided are not exhaustive. This type of reasoning skill is essential in real - life situations where one needs to consider",33.10142752375191,6.555608510971069
"usually, he would be tearing around the living room, playing with his toys. But today, he was sitting quietly on the couch, staring at the TV. He had been like that for about 20 minutes, and I was starting to get worried. I asked him if he was okay, and he just shook his head. I asked him if he wanted to watch a movie or play a game, but he just shook his head again. I was starting to get a little worried that something was wrong with him. I decided to sit down next to him and try to get him to talk to me. "" Hey buddy, what's wrong? "" I asked him. He looked up at me and said "" I'm bored "". I couldn't help but laugh at that. I said "" Well, let's fix that! "" and we started playing a game together. I was relieved that it was just boredom, and not something more serious. I was grateful that he was able to tell me how he was feeling, and that we were able to fix",33.1019969564742,6.555495738983154
"usually, he would be tearing around the living room, playing with his toys. but today, he was quiet and still, just sitting on the couch staring at me with a curious expression. i was a bit taken aback by this sudden change in behavior, but i tried to make the most of it and sat down next to him to see what he was looking at. as we sat there in silence, i realized that he was staring at me with a deep sense of understanding and connection. it was as if he knew that i was feeling overwhelmed and needed some comfort, and he was there to provide it. i felt a lump form in my throat as i looked into his big brown eyes, and i knew in that moment that he was more than just a pet - he was a true companion and friend.
This text is about a person's experience with their pet, likely a dog. The person is describing a moment of deep connection and understanding between them and their pet, where the pet seems to sense their emotional state and responds with comfort. The text is written in a",33.10732866388271,6.554440021514893
"usually, he would be tearing around the living room, playing with his toys. but today, he was just sitting on the couch, staring blankly at the wall. i asked him what was wrong, and he just shook his head. i asked him again, and he just shrugged. i asked him what he wanted to do, and he just looked at me with a blank expression. it was like he was in a trance. i tried to engage him in conversation, but he just wouldn't respond. i was starting to get worried. what may be the reason behind the child's behavior?
The best answer is: The child may be experiencing emotional distress or a meltdown due to frustration, boredom, or overstimulation. This could be a result of various factors such as a recent change in environment, a lack of sleep, or a build-up of emotions. It's also possible that the child is simply tired or needs a break from the stimulation of the living room. The key is to approach the situation with empathy and understanding, and to try to identify the underlying cause",33.098867124425176,6.556115627288818
"usually, he would be tearing around the living room, playing with his toys. But today, he was content to sit on the couch, quietly playing with his toys. The change in his behavior was striking. He was not as energetic as usual, and his movements were slower and more deliberate.
What can be inferred from the passage?
The child is ill or not feeling well.
The child is tired or exhausted.
The child is experiencing a change in his behavior.
The child is being watched or observed.
The correct answer is (C) The child is experiencing a change in his behavior. The passage states that the change in the child's behavior was striking, and that he was not as energetic as usual, and his movements were slower and more deliberate. This suggests that the child is experiencing a change in his behavior, but it does not provide any information about the cause of this change. The other options are not supported by the passage. The passage does not mention anything about the child being ill or not feeling well, or being tired or exhausted. The passage also does not mention",33.1109768397701,6.553717851638794
"usually, he would be tearing around the living room, playing with his toys. But today, he was sitting quietly on the couch, staring at his mom. Usually, he would be playing with his toys, but today he was sitting quietly on the couch, staring at his mom.
How would you complete this sentence?
A) Usually, he would be watching TV, but today he was reading a book.
B) Usually, he would be playing with his toys, but today he was sitting quietly on the couch, staring at his mom.
C) Usually, he would be sleeping, but today he was playing with his toys.
D) Usually, he would be playing outside, but today he was sitting quietly on the couch, staring at his mom.
The best answer is B. Usually, he would be playing with his toys, but today he was sitting quietly on the couch, staring at his mom. This is a correct completion of the sentence because it mirrors the original sentence and provides a complete and coherent thought. The other options do not match the original sentence and do",33.10573186132725,6.554756164550781
"usually, he would be tearing around the living room, playing with his toys. but today, he was in a different mood. he was sitting quietly in his high chair, staring intently at his reflection in the window. it was as if he was deep in thought, pondering the mysteries of the universe. i was a little concerned, as this was not a typical behavior for him. i decided to try and engage him in some play, but he just looked at me with a blank expression and turned back to his reflection. i was starting to feel a little worried, as if something was wrong. suddenly, he let out a loud giggle and started making funny faces at himself in the window. i couldn't help but laugh at the sight. it was clear that he was just having a moment of introspection, and that everything was okay. i breathed a sigh of relief and decided to just let him be, enjoying his moment of quiet contemplation. as i watched him, i couldn't help but wonder what he was thinking about. was he pondering the",33.103157552317754,6.5552659034729
"usually, he would be tearing around the living room, playing with his toys. This time, he was sitting quietly in his high chair, staring at me with a curious expression. What is the narrator describing about the child's behavior?
The best answer is that the child is not behaving as he usually does, as he is sitting quietly instead of playing. This suggests that the child may be in a state of calmness or possibly tired, which is a deviation from his usual energetic behavior. The narrator's description of the child's curious expression adds to the sense that the child is not his usual self. The use of the word ""curious"" implies that the child is observing his surroundings in a thoughtful and attentive way, which is also a departure from his usual energetic and playful behavior. Overall, the narrator is describing a change in the child's behavior and a shift from his usual energetic and playful self to a more calm and curious state. This suggests that the child may be experiencing some kind of emotional or physical shift, and the narrator is observing this change",33.10661935625191,6.554580450057983
"usually, he would be tearing around the living room, playing with his toys. but today, he was just lying on the couch, staring blankly at the wall. i asked him if he was okay, and he just shook his head and looked away. i tried to get him to talk about what was bothering him, but he just shrugged and went back to staring at the wall. it was clear that he was upset about something, but he didn't want to talk about it. i tried to be patient and understanding, but it was frustrating not knowing what was wrong. i finally just sat down next to him and put my arm around him, trying to offer some comfort. he leaned into me a little bit, and i could feel him relaxing a bit. but he still didn't want to talk about what was wrong, and i didn't push the issue. instead, i just sat there with him, holding him and trying to be there for him. eventually, he fell asleep, and i was left sitting there, wondering what had been bothering him. but at",33.10982653576454,6.553945541381836
"usually, he would be tearing around the living room, playing with his toys. now, he's just sitting on the couch, staring at the wall. what may be happening to the child?
A) He is sleeping.
B) He is bored.
C) He is playing.
D) The description does not indicate any change in the child's behavior.
Answer: B) He is bored. The description states that he is usually tearing around the living room and playing with his toys, but now he is just sitting on the couch, staring at the wall. This suggests that he is not interested in playing anymore, which is a common sign of boredom. Therefore, the correct answer is B) He is bored. The other options are incorrect because the description does not suggest that the child is sleeping ( A ), playing ( C ), or that there is no change in the child's behavior ( D ). The description clearly indicates that the child's behavior has changed. The best answer is B.. #2022 #gradeclass #gre",33.10400637984776,6.555097818374634
"usually, he would be tearing around the living room, playing with his toys. but this time, he's been stuck to the couch for hours, playing with a single toy. why is he playing with a single toy?
A) He is bored with his toys.
B) He is not feeling well.
C) He is being lazy.
D) None of the above.
Answer: B) He is not feeling well.",37.60157484328273,2.36692214012146
"usually, he would be tearing around the living room, playing with his toys. but today, he was just sitting there, staring at the wall. he was so still, so quiet. i was worried.
i sat down next to him, trying to get his attention. but he just kept staring at the wall. i reached out and touched his shoulder, and he flinched. i didn't want to scare him, so i pulled back. but then i saw it. a small piece of paper stuck to his hand. it was a drawing. a simple drawing of a house. i looked at him, and he was still staring at the wall. i looked back at the drawing, and i felt a lump form in my throat.
he was trying to tell me something. he was trying to show me that he was still in there, that he was still thinking, still feeling. i took a deep breath and sat down next to him again. this time, i spoke softly, trying not to startle him. ""it's okay, buddy. i'm",33.1035331982807,6.555191516876221
"usually, he would be tearing around the living room, playing with his toys. today, he was just sitting on the couch, staring at his toys. he would occasionally pick one up and examine it, then put it back down and stare some more. it was like he was trying to remember something. i asked him if he was okay, and he just looked up at me with those big brown eyes and said, "" i don 't know, mommy. "" i sat down next to him and we sat there in silence for a bit, just looking at each other. it was a really sweet moment, and i felt so grateful to have such a thoughtful and introspective child. it made me realize that sometimes, the quiet moments are the best moments.
The narrator is describing a moment of quiet contemplation with her child, who is usually energetic and playful. The child is staring at his toys and seems lost in thought, which makes the narrator feel grateful and appreciative of the moment.
The narrator uses sensory details to describe the scene, such as the child's """,33.106706061156856,6.554563283920288
"usually, he would be tearing around the living room, playing with his toys. But today, he was just sitting on the couch, staring blankly at the wall. I asked him if he was okay, and he just shook his head. I asked him what was wrong, and he just looked at me with this confused expression. I have no idea what's going on with him. I've tried talking to him, but he just won't respond. I'm starting to get a little worried.
I think the child is experiencing some kind of emotional distress or trauma, possibly related to something that happened recently. The fact that he's not responding to his usual toys and activities suggests that he's not in a good place emotionally. The confusion and blank stare are also indicative of a child who may be feeling overwhelmed or unsure of how to process their emotions. It's possible that he may need some extra support or comfort from a trusted adult to help him work through whatever is bothering him.
As a parent, it can be really tough to see",33.10276265165153,6.555344104766846
"usually, he would be tearing around the living room, playing with his toys. But today, he was just sitting in his high chair, staring blankly into space. I tried to engage him in play, but he just looked at me with a vacant expression. I was worried that he was getting a little too comfortable and that it was affecting his appetite. So, I decided to take him for a walk around the block to get him moving and stimulated. It was a beautiful day outside, and the fresh air seemed to do him a world of good. He started to perk up and even laughed a little when he saw a squirrel. I was relieved to see him so happy and engaged again. I realized that sometimes, it's the simple things in life that can make a big difference in a child's mood and behavior. And I was grateful for the reminder to take a break and get outside with him more often. It's easy to get caught up in the daily routine and forget to give him the attention and stimulation he needs. But today, I was",33.09976749238497,6.55593729019165
"usually, he would be tearing around the living room, playing with his toys. but today, he was just sitting there, staring blankly into space. he didn 't even notice when i walked into the room. i sat down next to him and said his name, but he didn 't respond. i was starting to get worried. what is likely to happen next in the story?
A) The child will suddenly wake up and start playing again.
B) The child will continue to sit there, unresponsive.
C) The parent will try to get the child to respond.
D) The parent will leave the room, thinking the child is just resting.
The best answer is C. The parent will try to get the child to respond. This is a logical next step in the story, as the parent is already worried and has tried to get the child's attention by saying his name. The parent is likely to try other methods to get the child to respond, such as shaking him or giving him something to eat or drink. The other options do not follow logically",33.1003404793186,6.555823802947998
"usually, he would be tearing around the living room, playing with his toys. but today, he was lying quietly on the couch, staring at the ceiling. i was worried that something was wrong, so i asked him if he was okay. he looked up at me with those big brown eyes and said, "" i'm just thinking, mom. "" i smiled and said, "" well, you can think all you want. i'm here for you. "" he smiled back and went back to staring at the ceiling. i sat down next to him and put my arm around him. it was a sweet moment, and one that i will always treasure.
i sat down next to him and put my arm around him. it was a sweet moment, and one that i will always treasure.
i sat down next to him and put my arm around him. it was a sweet moment, and one that i will always treasure.
This is the first time you've seen your child be this quiet and introspective. It's a moment that you'll always remember, a",33.101452804704536,6.555603504180908
"usually, he would be tearing around the living room, playing with his toys. But today, he was just sitting on the couch, staring blankly at the wall. I tried to get him to play, but he just wouldn 't budge. I thought maybe he was just tired, but he's usually pretty energetic at this time of day. I was starting to get a little worried. What may be the reason for the child's unusual behavior?
A) He was bored.
B) He was tired.
C) He was playing a game.
D) He was being lazy.
The best answer is B) He was tired. This answer is supported by the text, which states that the child is ""usually pretty energetic at this time of day"", suggesting that his lack of energy is unusual for him. This makes option B a more plausible explanation for his behavior. Option A is unlikely because the child is usually energetic at this time of day, so boredom is not a likely explanation. Option C is incorrect because the text states that the child was """,33.09814373592469,6.556258916854858
"usually, he would be tearing around the living room, playing with his toys. but not today. today, he was sitting quietly, looking at the walls, and occasionally looking up at me with a confused expression. i asked him if he was okay, and he just shook his head. i asked him what was wrong, and he said "" i don't know. "" i was a bit taken aback by this, as he rarely says anything that doesn't make sense. usually, he would be making up some wild story or telling me about his favorite cartoon character. but not today. today, he was just sitting there, looking lost. i tried to engage him in conversation, but he just shook his head and looked away. i realized that maybe he was just feeling a bit overwhelmed by everything. he's been going through a lot lately, what with the move and the new school and the new house. it's a lot to take in for a three year old. so i just sat down next to him and gave him a hug. sometimes, all a child",33.07970500108834,6.559913396835327
"usually, he would be tearing around the living room, playing with his toys. But today, he was quiet and subdued, just sitting in his high chair, staring at me with a look of determination on his face. I asked him if he was okay, and he just shook his head and said, "" no "". I tried to distract him with a toy, but he just pushed it away and said, "" no "" again. I was starting to get a little worried, but then I remembered that he had eaten a big lunch, and maybe he was just feeling a little full. So I tried to reassure him that everything was okay, and that he didn't need to be scared. But he just kept shaking his head and saying "" no "". I was starting to feel a little frustrated, but then I realized that he was trying to tell me something. I asked him what was wrong, and he looked up at me with those big brown eyes and said, "" I want to go outside "". I felt a wave of relief wash over me, and I",33.079056987854905,6.560041904449463
"usually, he would be tearing around the living room, playing with his toys. But today, he was quiet and subdued. He sat on the couch, staring blankly at the wall, his eyes empty and vacant.
I tried to get him to play with me, but he just shook his head and turned away. I was worried, but I didn 't want to push him too much. I sat down next to him and put my arm around him, trying to comfort him.
"" Hey buddy, what's wrong? "" I asked, trying to sound gentle and soothing.
He just shook his head again and looked down at the floor. I could see the tears welling up in his eyes, and my heart broke for him.
"" It's okay, sweetie, "" I said, trying to sound reassuring. "" Whatever it is, we can get through it together. ""
I held him close and stroked his hair, trying to calm him down. After a few minutes, he began to cry, and I held him tightly, letting him release",33.08175861332875,6.559506177902222
"usually, he would be tearing around the living room, playing with his toys. but today, he was just sitting on the couch, staring at the wall. i tried to get him to play, but he just shook his head and looked away. i asked him if he was okay, but he just shrugged and looked down at his feet. it was really unlike him, and i was worried. so, i sat down next to him and put my arm around him, and he leaned into me. i asked him again if he was okay, and he just mumbled something about not feeling well. i asked him what was wrong, but he just shook his head again and looked down at his feet. i decided to let him be for a while and just sit with him. after a bit, he looked up at me and said, "" i just feel sad, mom. "" i asked him why, and he said he missed his dad. i hugged him tightly and said, "" i know, sweetie, and i miss him too. "" i told him that",33.078600147772924,6.5601325035095215
"usually, he would be tearing around the living room, playing with his toys. But today, he was just lying on the floor, staring blankly at the wall. I asked him if he was okay, and he just shook his head. I asked him again, and this time he said "" no "". I asked him what was wrong, and he said "" i don 't know "". I tried to get him to talk about it, but he just shrugged and said "" i don 't know "" again. I tried to distract him with a toy, but he just pushed it away. I'm starting to get worried. Why is the narrator worried?
A) The child is being uncooperative.
B) The child is not feeling well.
C) The child is being lazy.
D) The child is being uncommunicative.
The best answer is D. The narrator is worried because the child is not communicating with him, which is unusual behavior for the child. The child is not responding to his attempts to talk to him, which is causing",33.084850333653314,6.558893203735352
"usually, he would be tearing around the living room, playing with his toys. But today, he was lying on the couch, quietly playing with a small toy. It was a bit of a change of pace for him, and I was curious to see what had caused it. Was he feeling tired, or was he just taking a break from all the chaos?
I was sitting on the couch next to him, watching him play with his toy, when I noticed that he was being very gentle with it. Usually, he would be tossing it around the room, but today he was treating it with care. I wondered if he was feeling a bit more mature today, or if he was just in a particularly calm mood.
As I sat there, I couldn't help but think about how much he had changed in just a few months. He used to be a wild child, always on the go and never wanting to sit still. But now, he was starting to show more self-control and was able to relax and enjoy quieter activities. It was a big change for him,",33.081173043337614,6.559622287750244
"usually, he would be tearing around the living room, playing with his toys. But today, he's sitting on the couch, staring blankly into space. He seems a bit disoriented, and I'm worried about him. I'm not sure what's wrong with him, but I'm going to try to get him to eat something and see if that perks him up. Hopefully, he 'll be back to normal soon. What is the speaker's concern about their child?
A) The child is being too loud.
B) The child is not eating enough.
C) The child seems disoriented and not normal.
D) The child is playing too aggressively.
The best answer is C. This is because the speaker mentions that the child is ""staring blankly into space"" and seems ""a bit disoriented"", which suggests that the child is not acting normally. The speaker is concerned about the child's well-being and is trying to figure out what is wrong. The other options are not supported by the text. The speaker",33.08291418289637,6.559277057647705
"usually, he would be tearing around the living room, playing with his toys. But today, he was lying on the floor, staring up at the ceiling. I asked him if he was okay, and he just shook his head. I asked him if he wanted to play, and he just shook his head again. I tried to get him to play with his toys, but he just pushed them away. I was starting to get worried, so I sat down next to him and asked him again if he was okay. This time, he looked up at me and said "" no "". I asked him what was wrong, and he just shrugged. I asked him if he wanted to talk about it, and he just shook his head again. I sat there with him for a while, holding his hand and trying to comfort him. Eventually, he started to calm down and looked up at me with tears in his eyes. I asked him again if he was okay, and this time he said "" yes "". I asked him what was wrong, and he told me that",33.07861577630411,6.560129404067993
"usually, he would be tearing around the living room, playing with his toys. but today, he was quiet. i was sitting on the couch, watching him play with his cars on the floor. he was quietly arranging them into neat little lines, one on top of the other, and then moving them around. it was a very calm and peaceful scene. i felt a sense of contentment wash over me as i watched him play. it was a beautiful moment, one that i will always treasure. usually, he would be tearing around the living room, playing with his toys. but today, he was quiet. i was sitting on the couch, watching him play with his cars on the floor. he was quietly arranging them into neat little lines, one on top of the other, and then moving them around. it was a very calm and peaceful scene. i felt a sense of contentment wash over me as i watched him play. it was a beautiful moment, one that i will always treasure. usually, he would be tearing around the living room, playing with his",33.0931795681849,6.557242393493652
"usually, he would be tearing around the living room, playing with his toys. But today, he was sitting quietly on the couch, watching us. He had a curious expression on his face, and his eyes kept darting back and forth between us. What can be inferred about the child's behavior?
A) The child is bored.
B) The child is tired.
C) The child is curious.
D) The child is misbehaving.
Answer: C) The child is curious., The passage states that the child has a ""curious expression on his face"" and that his eyes keep darting back and forth between the narrator and the other person. This suggests that the child is engaged and interested in what is happening around him., The other options do not fit the description of the child's behavior. The passage does not mention the child being bored or tired, and it does not suggest that the child is misbehaving., Therefore, the correct answer is C) The child is curious., The best answer is C., This",33.10551992927898,6.554798126220703
"usually, he would be tearing around the living room, playing with his toys. But today, he was in a more subdued mood. He was sitting on the couch, quietly playing with his blocks. I was sitting next to him, watching him and thinking about how much I love this stage of his life. It's a stage of innocence and wonder, where everything is new and exciting. He would look up at me with his big brown eyes and smile, and my heart would melt. I was so grateful to be his mom, to be able to experience this time with him and to be able to watch him grow and learn. It was a moment of pure joy, and I was so grateful to be a part of it.
What is the narrator describing in the passage?
The narrator is describing a moment with their child, who is playing quietly with blocks on the couch.
What is the narrator's emotional state in the passage?
The narrator is feeling grateful, loving, and joyful as they watch their child play.
What is the narrator reflecting on in the passage?
The",33.104282107660175,6.5550432205200195
"usually, he would be tearing around the living room, playing with his toys. But today, he was sitting quietly in his high chair, looking rather contemplative. I asked him what was wrong, and he looked up at me with those big brown eyes and said, "" Mommy, I'm feeling a little sad. "" I asked him why he was feeling sad, and he said, "" Because I don 't have any toys to play with. "" I laughed and said, "" Well, I can fix that! "" and I started rummaging through the toy box to find something to play with. But then I noticed that he was holding a small stuffed rabbit in his hand, and it looked like it had been there all along. I asked him why he was holding onto that rabbit so tightly, and he said, "" Because I love him, Mommy. "" I was taken aback by this response, and I felt a lump form in my throat as I realized that my little boy was growing up and developing feelings.
I was surprised by my",33.10242193700187,6.5554115772247314
"usually, he would be tearing around the living room, playing with his toys. But today, he was sitting quietly in his high chair, playing with a small ball. He looked up at me with a curious expression, and I could see the gears turning in his little mind. He was thinking about something, but I had no idea what. I decided to just sit there with him for a moment, and see where the conversation would go. I picked up the ball and started to roll it across the table, and he watched intently as it rolled towards him. When it reached him, he reached out and picked it up, and started to roll it back towards me. It was a simple game, but it was clear that he was engaged and having fun. I sat there with him for a while longer, playing this game with him, and just enjoying the quiet moment together. It was a moment of peace, and I was grateful for it. I realized that sometimes, the simplest moments are the most special, and that it's okay to just sit and be",33.10424598585125,6.555050373077393
"usually, he would be tearing around the living room, playing with his toys. now, he's just sort of... wandering. and the toys are all just sort of... sitting there. it's like he's lost interest in everything.
A. He's bored with his toys.
B. He's lost interest in everything.
C. He's playing with his toys.
D. He's running around the living room.
The best answer is B. He's lost interest in everything. is the best answer. because it's a statement that explains the situation with the child. the other options are all things that the child used to do, but are no longer doing. they do not explain the current situation. this is the only option that explains why the child is no longer playing with his toys. it's because he's lost interest in everything... including his toys.............................",33.10444826899655,6.5550103187561035
"usually, he would be tearing around the living room, playing with his toys. But today, he was sitting quietly on the couch, staring at the wall. I asked him if he was okay, and he just shook his head. I asked him what was wrong, and he said, "" I don 't know. "" I tried to reassure him, but he just looked at me with those big brown eyes, and I could tell he was really upset. What is the situation with the child?
A) He is playing with his toys.
B) He is sitting quietly on the couch.
C) He is upset and does not know why.
D) He is playing in the living room.
The best answer is C. It is the only option that describes the child's current emotional state and situation. Options A and D describe past behaviors, and option B describes his current physical location but not his emotional state. Option C accurately describes the child's current emotional state and situation.. The best answer is C. It is the only option that describes the child",33.10078227060353,6.555736303329468
"usually, he would be tearing around the living room, playing with his toys. but today, he was just sitting there, quietly staring at me. i asked him what was wrong, and he just shook his head and said "" i'm sad "". i asked him why he was sad, and he said "" i miss my grandma "". i was taken aback by this, as i hadn't realized he understood the concept of death. i sat down next to him and gave him a big hug, and we just sat there in silence for a little while. then, i asked him if he wanted to talk about his grandma, and he started telling me all about her. he told me about the times she had taken him to the park, and the times she had read him stories. he even told me about the time she had made him a special cookie. i was amazed at how much he remembered about her, and how much he loved her. i was also amazed at how much he was hurting, and how much he missed her. it broke my",33.10498168223975,6.5549046993255615
"usually, he would be tearing around the living room, playing with his toys. but today, he was quiet, sitting on the couch, staring at me with an intensity that made me feel like he was trying to read my mind. what is the narrator describing about the child's behavior?
The narrator is describing a change in the child's behavior from usual playful and energetic behavior to a quieter and more introspective behavior.
The text states that the child ""usually"" plays with toys and runs around the living room, but today he was ""quiet, sitting on the couch, staring at me"". This suggests that the child is exhibiting a different behavior than what is typical for him. The narrator also describes the child's stare as ""intense"", which implies that the child is deeply focused on something, possibly the narrator. Overall, the narrator is highlighting a change in the child's behavior from energetic and playful to quiet and introspective............................",33.10030195856662,6.555831432342529
"usually, he would be tearing around the living room, playing with his toys. but not today. today, he was subdued, sitting quietly on the couch, playing with his blocks. he was only 3 years old, but he was already beginning to understand the concept of time. he knew that his birthday was coming up, and he was excited. but he was also a little nervous, because he had no idea what to expect. he had heard stories from his older siblings about the big party, the cake, the presents, but he didn't really understand what it all meant. so he sat quietly, playing with his blocks, trying to make sense of it all. meanwhile, his mom was in the kitchen, making preparations for the big day. she was busy wrapping presents, baking a cake, and making a list of all the things she needed to do. she was excited, but also a little anxious, because she wanted everything to be perfect for her little boy. as she worked, she couldn't help but think about how fast time had flown by. it",33.09755878931159,6.556374788284302
"usually, he would be tearing around the living room, playing with his toys. but this morning, he was just sitting on the couch, staring blankly at the wall. he didn't even notice me when i walked in. i was worried, so i sat down next to him and asked if he was okay. he just shook his head and looked at me with those big brown eyes of his. i knew something was wrong, so i asked him again if he was okay. this time, he spoke up and said, "" i had a bad dream "". i asked him what it was about, and he told me that he had dreamed that his favorite toy, a stuffed rabbit named mr. fluffers, had come to life and was chasing him around the house. i asked him if he wanted to talk about it more, but he just shook his head and said, "" no, it's okay "". i knew he was still scared, so i gave him a big hug and told him that mr. fluffers was just a toy and couldn't really come",33.098379646170784,6.5562121868133545
"usually, he would be tearing around the living room, playing with his toys. But today, he was just sitting there, staring at the wall. I asked him if he was okay, and he just shook his head. I asked him again, and he said "" no "". I asked him what was wrong, and he said "" I don 't know "". I tried to get him to talk about it, but he just shook his head and looked down. I felt a pang of worry, because I 'd never seen him like this before. What is the speaker's tone in this passage?
usually, he would be tearing around the living room, playing with his toys. But today, he was just sitting there, staring at the wall. I asked him if he was okay, and he just shook his head. I asked him again, and he said "" no "". I asked him what was wrong, and he said "" I don 't know "". I tried to get him to talk about it, but he just shook his head and",33.10087857544646,6.55571722984314
"usually, he would be tearing around the living room, playing with his toys. but today, he was quiet. he was sitting on the couch, staring at the wall. i asked him if he was okay, and he shook his head. i asked him again, and this time, he looked up at me with tears in his eyes. "" i don't want to be here, "" he said. my heart sank. i didn't know what to say. i just sat down next to him and held him. "" it's okay, buddy, "" i said. "" we 'll figure this out together. "" but as i looked into his eyes, i knew that it wasn't just about him. it was about me, too. it was about the fact that i 'd been so busy with work and other things that i 'd neglected him. i 'd been so caught up in my own problems that i 'd forgotten about his. and now, he was hurting. and i felt so guilty. i held him tighter and whispered, """,32.90618203363411,6.594505548477173
"usually, he would be tearing around the living room, playing with his toys. But today, he was quiet and still, sitting in his high chair, staring at me with a curious expression. I had given him a toy to play with, but he was not interested. He kept looking up at me, as if waiting for something to happen. I felt a pang of sadness, wondering if he was feeling a little lonely today, and if I was somehow responsible for it. I decided to try and engage him in play, but he just looked at me with a blank expression, as if he was trying to figure out what I was doing. I tried to make silly faces at him, but he just stared back at me, his expression unreadable. I felt a little frustrated, not knowing how to reach him today. But then, suddenly, he smiled at me. It was a small, tentative smile, but it was a smile nonetheless. And in that moment, everything was okay again. He started to giggle, and then he was back to his usual self",33.101502162866204,6.555593729019165
"usually, he would be tearing around the living room, playing with his toys. now, he's content to just sit and watch the world go by. it's a strange feeling, seeing him so calm and peaceful. it's like he's finally found something he's been searching for his whole life. i feel a little sad, knowing that this is probably just a phase and he 'll be back to his old self soon.
This text is written in a reflective and observational style, with a tone that is both nostalgic and melancholic. The author is describing a change in the behavior of a young child, noting that he is now more calm and peaceful than he used to be. The author seems to be savoring this moment, but also aware that it may be temporary and that the child will likely return to his previous energetic and playful self soon. The text suggests that the author is a parent or caregiver who has a close relationship with the child and is deeply invested in his well-being and happiness. The use of words like ""strange",33.098964621799176,6.556096315383911
"usually, he would be tearing around the living room, playing with his toys. but today, he was sitting quietly on the couch, staring at me with a curious expression. i asked him what was wrong, and he looked down at his hands, then back at me with a puzzled look. i asked him again, and he shrugged and said "" i don 't know. "" i tried to reassure him, telling him that everything was okay, but he just shook his head and looked away. it was like he was lost in thought, trying to figure out something that was bothering him. i sat down next to him and put my arm around him, and he leaned into me, still looking puzzled. i asked him again, and he just looked up at me with those big brown eyes and said "" i don 't know. "" i knew then that i had to be patient and let him work through whatever was going on in his mind. it was a moment of pure connection, a moment where we were just two people sitting together, trying to figure out life together",32.98084734129676,6.579576253890991
"usually, he would be tearing around the living room, playing with his toys. this time, he was sitting quietly on the couch, playing with a puzzle. i was sitting next to him, and i was amazed at how much more patient he was than usual. he was taking his time, carefully placing each piece into the correct spot. i was impressed by his focus and concentration. he was completely absorbed in the activity, and i was happy to see him enjoying himself so much. i asked him if he was having fun, and he looked up at me with a big smile and said, "" yeah! "" i was proud of him for being so patient and focused, and i was happy to see him enjoying the puzzle so much. i decided to join in on the fun and started working on a puzzle next to him. we spent the rest of the afternoon working on our puzzles together, laughing and chatting as we went. it was a really special moment for us to share together, and i was grateful for the quality time we were spending together. i was also grateful for",33.102808401855924,6.55533504486084
"usually, he would be tearing around the living room, playing with his toys. But today, he's been sitting quietly in his high chair, watching the world go by. He's been smiling a lot, but it's a different kind of smile. It's a more contemplative smile. A smile that says, "" I'm thinking about something. "" And that's a little scary, because I have no idea what he's thinking about. I'm used to his antics and his energetic playfulness, but this new, more introspective side of him is a little unnerving. I'm not sure what to make of it, or how to react. I just sit there, watching him, and trying to figure out what's going on in that little head of his. It's a strange and unsettling feeling, but it's also kind of wonderful. I feel like I'm getting a glimpse into his inner world, and it's a privilege to be able to see that.
This passage is written",33.095609116583155,6.556761026382446
"usually, he would be tearing around the living room, playing with his toys. But today, he was sitting quietly, staring at a book. I picked it up and started to read it to him, and he listened intently, asking questions and making comments. It was a really sweet moment, and it made me realize how much he's grown up. What can be inferred about the child from the description?
A) The child is very energetic and playful.
B) The child is very mature and intelligent.
C) The child is very lazy and uninterested.
D) The child is very aggressive and violent.

Answer: B) The child is very mature and intelligent.",34.8624094068571,3.987102508544922
"usually, he would be tearing around the living room, playing with his toys. But today, he was quiet, and his eyes were fixed on the window. I asked him what was wrong, and he just shook his head. I knew that look, though. It was the look of a child who has seen something that has left him shaken. I didn't know what he had seen, but I knew I had to find out. I sat down next to him and asked him again what was wrong. This time, he looked up at me and said, "" I saw a bird fall out of the sky. "" I didn't know what to say. I had no idea how to respond to that. I just sat there with him, holding his hand, and trying to process what he had just told me. I knew that birds falling out of the sky wasn't a common occurrence, and I couldn't help but wonder what had caused it. Was it a storm? A predator? Something else entirely? I didn't know, but I knew that my child was",33.09859870869625,6.556168794631958
